,Title,Year,IMDB Rating,Summary
1,Les évadés,1994,9.217,"Two imprisoned men bond over a number of years, finding solace and eventual redemption through acts of common decency."
2,Le parrain,1972,9.16,The aging patriarch of an organized crime dynasty transfers control of his clandestine empire to his reluctant son.
3,"Le parrain, 2ème partie",1974,8.995,"The early life and career of Vito Corleone in 1920s New York City is portrayed, while his son, Michael, expands and tightens his grip on the family crime syndicate."
4,The Dark Knight: Le chevalier noir,2008,8.955,"When the menace known as the Joker emerges from his mysterious past, he wreaks havoc and chaos on the people of Gotham, the Dark Knight must accept one of the greatest psychological and physical tests of his ability to fight injustice."
5,12 hommes en colère,1957,8.908,A jury holdout attempts to prevent a miscarriage of justice by forcing his colleagues to reconsider the evidence.
6,La liste de Schindler,1993,8.898,"In German-occupied Poland during World War II, Oskar Schindler gradually becomes concerned for his Jewish workforce after witnessing their persecution by the Nazi Germans."
7,Le seigneur des anneaux: Le retour du roi,2003,8.868,Gandalf and Aragorn lead the World of Men against Sauron's army to draw his gaze from Frodo and Sam as they approach Mount Doom with the One Ring.
8,Pulp Fiction,1994,8.867,"The lives of two mob hitmen, a boxer, a gangster's wife, and a pair of diner bandits intertwine in four tales of violence and redemption."
9,"Le bon, la brute et le truand",1966,8.833,A bounty hunting scam joins two men in an uneasy alliance against a third in a race to find a fortune in gold buried in a remote cemetery.
10,Fight Club,1999,8.785,"An insomniac office worker, looking for a way to change his life, crosses paths with a devil-may-care soapmaker, forming an underground fight club that evolves into something much, much more."
11,Le seigneur des anneaux: La communauté de l'anneau,2001,8.769,A meek Hobbit from the Shire and eight companions set out on a journey to destroy the powerful One Ring and save Middle-earth from the Dark Lord Sauron.
12,Forrest Gump,1994,8.735,"The presidencies of Kennedy and Johnson, Vietnam, Watergate, and other history unfold through the perspective of an Alabama man with an IQ of 75."
13,L'empire contre-attaque,1980,8.729,"After the rebels are brutally overpowered by the Empire on the ice planet Hoth, Luke Skywalker begins Jedi training with Yoda, while his friends are pursued by Darth Vader."
14,Inception,2010,8.723,"A thief, who steals corporate secrets through the use of dream-sharing technology, is given the inverse task of planting an idea into the mind of a CEO."
15,Le seigneur des anneaux: Les deux tours,2002,8.689,"While Frodo and Sam edge closer to Mordor with the help of the shifty Gollum, the divided fellowship makes a stand against Sauron's new ally, Saruman, and his hordes of Isengard."
16,Vol au-dessus d'un nid de coucou,1975,8.671,A criminal pleads insanity after getting into trouble again and once in the mental institution rebels against the oppressive nurse and rallies up the scared patients.
17,Les affranchis,1990,8.663,"The story of Henry Hill and his life in the mob, covering his relationship with his wife Karen Hill and his mob partners Jimmy Conway and Tommy DeVito in the Italian-American crime syndicate."
18,Matrix,1999,8.65,A computer hacker learns from mysterious rebels about the true nature of his reality and his role in the war against its controllers.
19,Les sept samouraïs,1954,8.633,A poor village under attack by bandits recruits seven unemployed samurai to help them defend themselves.
20,La cité de Dieu,2002,8.608,"Two boys growing up in a violent neighborhood of Rio de Janeiro take different paths: one becomes a photographer, the other a drug dealer."
21,La guerre des étoiles,1977,8.608,"Luke Skywalker joins forces with a Jedi Knight, a cocky pilot, a Wookiee and two droids to save the galaxy from the Empire's world-destroying battle-station while also attempting to rescue Princess Leia from the evil Darth Vader."
22,Seven,1995,8.605,"Two detectives, a rookie and a veteran, hunt a serial killer who uses the seven deadly sins as his motives."
23,Le silence des agneaux,1991,8.589,"A young F.B.I. cadet must receive the help of an incarcerated and manipulative cannibal killer to help catch another serial killer, a madman who skins his victims."
24,La vie est belle,1946,8.579,An angel is sent from Heaven to help a desperately frustrated businessman by showing him what life would have been like if he had never existed.
25,La vie est belle,1997,8.571,"When an open-minded Jewish librarian and his son become victims of the Holocaust, he uses a perfect mixture of will, humor, and imagination to protect his son from the dangers around their camp."
26,Usual Suspects,1995,8.554,"A sole survivor tells of the twisty events leading up to a horrific gun battle on a boat, which began when five criminals met at a seemingly random police lineup."
27,Le voyage de Chihiro,2001,8.54,"During her family's move to the suburbs, a sullen 10-year-old girl wanders into a world ruled by gods, witches, and spirits, and where humans are changed into beasts."
28,Il faut sauver le soldat Ryan,1998,8.539,"Following the Normandy Landings, a group of U.S. soldiers go behind enemy lines to retrieve a paratrooper whose brothers have been killed in action."
29,Léon,1994,8.539,"Mathilda, a 12-year-old girl, is reluctantly taken in by Léon, a professional assassin, after her family is murdered. Léon and Mathilda form an unusual relationship, as she becomes his protégée and learns the assassin's trade."
30,Interstellar,2014,8.508,A team of explorers travel through a wormhole in space in an attempt to ensure humanity's survival.
31,La ligne verte,1999,8.508,"The lives of guards on Death Row are affected by one of their charges: a black man accused of child murder and rape, yet who has a mysterious gift."
32,American History X,1998,8.506,A former neo-nazi skinhead tries to prevent his younger brother from going down the same wrong path that he did.
33,Psychose,1960,8.504,"A Phoenix secretary embezzles $40,000 from her employer's client, goes on the run, and checks into a remote motel run by a young man under the domination of his mother."
34,Il était une fois dans l'Ouest,1968,8.503,A mysterious stranger with a harmonica joins forces with a notorious desperado to protect a beautiful widow from a ruthless assassin working for the railroad.
35,Les lumières de la ville,1931,8.501,"With the aid of a wealthy erratic tippler, a dewy-eyed tramp who has fallen in love with a sightless flower girl accumulates money to be able to help her medically."
36,Casablanca,1942,8.5,A cynical nightclub owner protects an old flame and her husband from Nazis in Morocco.
37,Intouchables,2011,8.487,"After he becomes a quadriplegic from a paragliding accident, an aristocrat hires a young man from the projects to be his caregiver."
38,Les temps modernes,1936,8.487,The Tramp struggles to live in modern industrial society with the help of a young homeless woman.
39,Le pianiste,2002,8.482,A Polish Jewish musician struggles to survive the destruction of the Warsaw ghetto of World War II.
40,Les infiltrés,2006,8.479,An undercover cop and a mole in the police attempt to identify each other while infiltrating an Irish gang in South Boston.
41,Terminator 2 - Le jugement dernier,1991,8.476,"A cyborg, identical to the one who failed to kill Sarah Connor, must now protect her teenage son, John Connor, from a more advanced and powerful cyborg."
42,Les aventuriers de l'arche perdue,1981,8.476,Archaeologist and adventurer Indiana Jones is hired by the U.S. government to find the Ark of the Covenant before the Nazis.
43,Fenêtre sur cour,1954,8.475,A wheelchair-bound photographer spies on his neighbors from his apartment window and becomes convinced one of them has committed murder.
44,Retour vers le futur,1985,8.474,"Marty McFly, a 17-year-old high school student, is accidentally sent thirty years into the past in a time-traveling DeLorean invented by his close friend, the maverick scientist Doc Brown."
45,Whiplash,2014,8.472,A promising young drummer enrolls at a cut-throat music conservatory where his dreams of greatness are mentored by an instructor who will stop at nothing to realize a student's potential.
46,Gladiator,2000,8.464,"When a Roman General is betrayed, and his family murdered by an emperor's corrupt son, he comes to Rome as a gladiator to seek revenge."
47,Le roi lion,1994,8.459,"A Lion cub crown prince is tricked by a treacherous uncle into thinking he caused his father's death and flees into exile in despair, only to learn in adulthood his identity and his responsibilities."
48,Le prestige,2006,8.457,After a tragic accident two stage magicians engage in a battle to create the ultimate illusion whilst sacrificing everything they have to outwit the other.
49,Memento,2000,8.449,A man juggles searching for his wife's murderer and keeping his short-term memory loss from being an obstacle.
50,Apocalypse Now,1979,8.448,"During the Vietnam War, Captain Willard is sent on a dangerous mission into Cambodia to assassinate a renegade Colonel who has set himself up as a god among a local tribe."
51,Alien - Le 8ème passager,1979,8.438,"After a space merchant vessel perceives an unknown transmission as a distress call, its landing on the source moon finds one of the crew attacked by a mysterious lifeform, and they soon realize that its life cycle has merely begun."
52,Le dictateur,1940,8.426,Dictator Adenoid Hynkel tries to expand his empire while a poor Jewish barber tries to avoid persecution from Hynkel's regime.
53,Cinéma Paradiso,1988,8.421,A filmmaker recalls his childhood when falling in love with the pictures at the cinema of his home village and forms a deep friendship with the cinema's projectionist.
54,Boulevard du Crépuscule,1950,8.419,"A screenwriter is hired to rework a faded silent film star's script, only to find himself developing a dangerous relationship."
55,"Docteur Folamour, ou: Comment j'ai appris à ne plus m'en faire et à aimer la bombe",1964,8.417,An insane general triggers a path to nuclear holocaust that a war room full of politicians and generals frantically tries to stop.
56,Le tombeau des lucioles,1988,8.415,A young boy and his little sister struggle to survive in Japan during World War II.
57,La vie des autres,2006,8.413,"In 1984 East Berlin, an agent of the secret police, conducting surveillance on a writer and his lover, finds himself becoming increasingly absorbed by their lives."
58,Les sentiers de la gloire,1957,8.401,"After refusing to attack an enemy position, a general accuses the soldiers of cowardice and their commanding officer must defend them."
59,Coco,2017,8.396,"Aspiring musician Miguel, confronted with his family's ancestral ban on music, enters the Land of the Dead to find his great-great-grandfather, a legendary singer."
60,Shining,1980,8.393,"A family heads to an isolated hotel for the winter where an evil spiritual presence influences the father into violence, while his psychic son sees horrific forebodings from the past and of the future."
61,Django Unchained,2012,8.392,"With the help of a German bounty hunter, a freed slave sets out to rescue his wife from a brutal Mississippi plantation owner."
62,Wall-E,2008,8.377,"In the distant future, a small waste-collecting robot inadvertently embarks on a space journey that will ultimately decide the fate of mankind."
63,Princesse Mononoké,1997,8.361,"On a journey to find the cure for a Tatarigami's curse, Ashitaka finds himself in the middle of a war between the forest gods and Tatara, a mining colony. In this quest he also meets San, the Mononoke Hime."
64,American Beauty,1999,8.36,A sexually frustrated suburban father has a mid-life crisis after becoming infatuated with his daughter's best friend.
65,The Dark Knight Rises,2012,8.356,"Eight years after the Joker's reign of anarchy, Batman, with the help of the enigmatic Catwoman, is forced from his exile to save Gotham City, now on the edge of total annihilation, from the brutal guerrilla terrorist Bane."
66,Témoin à charge,1957,8.354,A veteran British barrister must defend his client in a murder trial that has surprise after surprise.
67,Old Boy,2003,8.353,"After being kidnapped and imprisoned for fifteen years, Oh Dae-Su is released, only to find that he must find his captor in five days."
68,Aliens - Le retour,1986,8.352,"Ellen Ripley is rescued by a deep salvage team after being in hypersleep for 57 years. The moon that the Nostromo visited has been colonized, but contact is lost. This time, colonial marines have impressive firepower, but will that be enough?"
69,Il était une fois en Amérique,1984,8.349,"A former Prohibition-era Jewish gangster returns to the Lower East Side of Manhattan over thirty years later, where he once again must confront the ghosts and regrets of his old life."
70,Le bateau,1981,8.336,"The claustrophobic world of a WWII German U-boat; boredom, filth, and sheer terror."
71,Citizen Kane,1941,8.334,"Following the death of a publishing tycoon, news reporters scramble to discover the meaning of his final utterance."
72,La mort aux trousses,1959,8.322,"A hapless New York advertising executive is mistaken for a government agent by a group of foreign spies, and is pursued across the country while he looks for a way to survive."
73,Sueurs froides,1958,8.322,"A San Francisco detective suffering from acrophobia investigates the strange activities of an old friend's wife, all the while becoming dangerously obsessed with her."
74,Braveheart,1995,8.319,"When his secret bride is executed for assaulting an English soldier who tried to rape her, Sir William Wallace begins a revolt against King Edward I of England."
75,Reservoir Dogs,1992,8.316,"After a simple jewelry heist goes terribly wrong, the surviving criminals begin to suspect that one of them is a police informant."
76,Le retour du Jedi,1983,8.315,"After a daring mission to rescue Han Solo from Jabba the Hutt, the rebels dispatch to Endor to destroy a more powerful Death Star. Meanwhile, Luke struggles to help Vader back from the dark side without falling into the Emperor's trap."
77,Dangal,2016,8.313,Former wrestler Mahavir Singh Phogat and his two wrestler daughters struggle towards glory at the Commonwealth Games in the face of societal oppression.
78,M le maudit,1931,8.313,"When the police in a German city are unable to catch a child-murderer, other criminals join in the manhunt."
79,Your Name,2016,8.31,"Two strangers find themselves linked in a bizarre way. When a connection forms, will distance be the only thing to keep them apart?"
80,Requiem for a Dream,2000,8.302,The drug-induced utopias of four Coney Island people are shattered when their addictions run deep.
81,Taare Zameen Par,2007,8.296,"An eight-year-old boy is thought to be a lazy trouble-maker, until the new art teacher has the patience and compassion to discover the real problem behind his struggles in school."
82,Amadeus,1984,8.295,"The life, success and troubles of Wolfgang Amadeus Mozart, as told by Antonio Salieri, the contemporary composer who was insanely jealous of Mozart's talent and claimed to have murdered him."
83,Le fabuleux destin d'Amélie Poulain,2001,8.293,"Amélie is an innocent and naive girl in Paris with her own sense of justice. She decides to help those around her and, along the way, discovers love."
84,Orange mécanique,1971,8.292,"In the future, a sadistic gang leader is imprisoned and volunteers for a conduct-aversion experiment, but it doesn't go as planned."
85,Lawrence d'Arabie,1962,8.292,
86,Eternal Sunshine of the Spotless Mind,2004,8.29,"When their relationship turns sour, a young couple undergoes a medical procedure to have each other erased from their memories."
87,Assurance sur la mort,1944,8.288,An insurance representative lets himself be talked into a murder/insurance fraud scheme that arouses an insurance investigator's suspicions.
88,Taxi Driver,1976,8.286,"A mentally unstable veteran works as a nighttime taxi driver in New York City, where the perceived decadence and sleaze fuels his urge for violent action, while attempting to liberate a twelve-year-old prostitute."
89,Chantons sous la pluie,1952,8.28,A silent film production company and cast make a difficult transition to sound.
90,3 Idiots,2009,8.279,"Two friends are searching for their long lost companion. They revisit their college days and recall the memories of their friend who inspired them to think differently, even as the rest of the world called them ""idiots""."
91,"2001, l'odyssée de l'espace",1968,8.279,"Humanity finds a mysterious, obviously artificial object buried beneath the Lunar surface and, with the intelligent computer H.A.L. 9000, sets off on a quest."
92,Toy Story,1995,8.278,A cowboy doll is profoundly threatened and jealous when a new spaceman figure supplants him as top toy in a boy's room.
93,Du silence et des ombres...,1962,8.278,"Atticus Finch, a lawyer in the Depression-era South, defends a black man against an undeserved rape charge, and his children against prejudice."
94,Full Metal Jacket,1987,8.277,A pragmatic U.S. Marine observes the dehumanizing effects the Vietnam War has on his fellow recruits from their brutal boot camp training to the bloody street fighting in Hue.
95,Inglourious Basterds,2009,8.273,"In Nazi-occupied France during World War II, a plan to assassinate Nazi leaders by a group of Jewish U.S. soldiers coincides with a theatre owner's vengeful plans for the same."
96,Le voleur de bicyclette,1948,8.273,"In post-war Italy, a working-class man's bicycle is stolen. He and his son set out to find it."
97,L'arnaque,1973,8.273,Two grifters team up to pull off the ultimate con.
98,Le Kid,1921,8.271,"The Tramp cares for an abandoned child, but events put that relationship in jeopardy."
99,Toy Story 3,2010,8.269,"The toys are mistakenly delivered to a day-care center instead of the attic right before Andy leaves for college, and it's up to Woody to convince the other toys that they weren't abandoned and to return home."
100,Snatch - Tu braques ou tu raques,2000,8.26,"Unscrupulous boxing promoters, violent bookmakers, a Russian gangster, incompetent amateur robbers, and supposedly Jewish jewelers fight to track down a priceless stolen diamond."
101,Will Hunting,1997,8.258,"Will Hunting, a janitor at M.I.T., has a gift for mathematics, but needs help from a psychologist to find direction in his life."
102,La chasse,2012,8.257,"A teacher lives a lonely life, all the while struggling over his son's custody. His life slowly gets better as he finds love and receives good news from his son, but his new luck is about to be brutally shattered by an innocent little lie."
103,Monty Python sacré graal!,1975,8.256,"King Arthur and his Knights of the Round Table embark on a surreal, low-budget search for the Holy Grail, encountering many, very silly obstacles."
104,Et pour quelques dollars de plus,1965,8.25,Two bounty hunters with the same intentions team up to track down a Western outlaw.
105,Scarface,1983,8.25,"In Miami in 1980, a determined Cuban immigrant takes over a drug cartel and succumbs to greed."
106,L.A. Confidential,1997,8.248,"As corruption grows in 1950s LA, three policemen - one strait-laced, one brutal, and one sleazy - investigate a series of murders with their own brand of justice."
107,La garçonnière,1960,8.246,"A man tries to rise in his company by letting its executives use his apartment for trysts, but complications and a romance of his own ensue."
108,Metropolis,1927,8.245,"In a futuristic city sharply divided between the working class and the city planners, the son of the city's mastermind falls in love with a working class prophet who predicts the coming of a savior to mediate their differences."
109,Une séparation,2011,8.24,A married couple are faced with a difficult decision - to improve the life of their child by moving to another country or to stay in Iran and look after a deteriorating parent who has Alzheimer's disease.
110,Rashômon,1950,8.238,A heinous crime and its aftermath are recalled from differing points of view.
111,Indiana Jones et la dernière croisade,1989,8.235,"When Dr. Henry Jones, Sr. suddenly goes missing while pursuing the Holy Grail, eminent archaeologist Dr. Henry ""Indiana"" Jones, Jr. must follow in his father's footsteps to stop the Nazis from getting their hands on the Holy Grail first."
112,Là-haut,2009,8.226,"Seventy-eight year old Carl Fredricksen travels to Paradise Falls in his home equipped with balloons, inadvertently taking a young stowaway."
113,Le garde du corps,1961,8.226,A crafty ronin comes to a town divided by two criminal gangs and decides to play them against each other to free the town.
114,Ève,1950,8.225,An ingenue insinuates herself into the company of an established but aging stage actress and her circle of theater friends.
115,Batman Begins,2005,8.222,"After training with his mentor, Batman begins his fight to free crime-ridden Gotham City from the corruption that Scarecrow and the League of Shadows have cast upon it."
116,Certains l'aiment chaud,1959,8.219,"When two male musicians witness a mob hit, they flee the state in an all-female band disguised as women, but further complications set in."
117,Impitoyable,1992,8.215,"Retired Old West gunslinger William Munny reluctantly takes on one last job, with the help of his old partner and a young man."
118,Le trésor de la Sierra Madre,1948,8.214,"Fred Dobbs and Bob Curtin, two Americans searching for work in Mexico, convince an old prospector to help them mine for gold in the Sierra Madre Mountains."
119,Mon père et mon fils,2005,8.213,The family of a left-wing journalist is torn apart after a military coup in 1980's Turkey.
120,La chute,2004,8.211,"Traudl Junge, the final secretary for Adolf Hitler, tells of the Nazi dictator's final days in his Berlin bunker at the end of WWII."
121,Piège de cristal,1988,8.207,"John McClane, officer of the NYPD, tries to save his wife Holly Gennaro and several others that were taken hostage by German terrorist Hans Gruber during a Christmas party at the Nakatomi Plaza in Los Angeles."
122,Heat,1995,8.206,"A group of professional bank robbers start to feel the heat from police when they unknowingly leave a clue at their latest heist, while both sides attempt to find balance between their personal and professional lives."
123,Raging Bull,1980,8.202,"Emotionally self-destructive boxer, Jake La Motta's journey through life, as the violence and temper that leads him to the top in the ring destroys his life outside it."
124,Vivre,1952,8.199,A bureaucrat tries to find a meaning in his life after he discovers he has terminal cancer.
125,La grande évasion,1963,8.196,Allied prisoners of war plan for several hundred of their number to escape from a German camp during World War II.
126,Le troisième homme,1949,8.193,"Pulp novelist Holly Martins travels to shadowy, postwar Vienna, only to find himself investigating the mysterious death of an old friend, Harry Lime."
127,3 Billboards: Les panneaux de la vengeance,2017,8.193,A mother personally challenges the local authorities to solve her daughter's murder when they fail to catch the culprit.
128,Les enfants du ciel,1997,8.191,"After a boy loses his sister's pair of shoes, he goes on a series of adventures in order to find them. When he can't, he tries a new way to ""win"" a new pair."
129,Chinatown,1974,8.188,"A private detective hired to expose an adulterer finds himself caught up in a web of deceit, corruption, and murder."
130,Le labyrinthe de Pan,2006,8.188,"In the falangist Spain of 1944, the bookish young stepdaughter of a sadistic army officer escapes into an eerie but captivating fantasy world."
131,Incendies,2010,8.187,"Twins journey to the Middle East to discover their family history, and fulfill their mother's last wishes."
132,Mon voisin Totoro,1988,8.179,"When two girls move to the country to be near their ailing mother, they have adventures with the wondrous forest spirits who live nearby."
133,Ran,1985,8.173,"In Medieval Japan, an elderly warlord retires, handing over his empire to his three sons. However, he vastly underestimates how the new-found power will corrupt them and cause them to turn on each other...and him."
134,Jugement à Nuremberg,1961,8.173,"In 1948, an American court in occupied Germany tries four Nazi judges for war crimes."
135,Dans ses yeux,2009,8.171,A retired legal counselor writes a novel hoping to find closure for one of his past unresolved homicide cases and for his unreciprocated love with his superior - both of which still haunt him decades later.
136,La ruée vers l'or,1925,8.171,A prospector goes to the Klondike in search of gold and finds it and more.
137,Le château ambulant,2004,8.17,"When an unconfident young woman is cursed with an old body by a spiteful witch, her only chance of breaking the spell lies with a self-indulgent yet insecure young wizard and his companions in his legged, walking castle."
138,Le pont de la rivière Kwaï,1957,8.165,"After settling his differences with a Japanese PoW camp commander, a British colonel co-operates to oversee his men's construction of a railway bridge for their captors - while oblivious to a plan by the Allies to destroy it."
139,Sur les quais,1954,8.164,An ex-prize fighter turned longshoreman struggles to stand up to his corrupt union bosses.
140,Vice-versa,2015,8.161,"After young Riley is uprooted from her Midwest life and moved to San Francisco, her emotions - Joy, Fear, Anger, Disgust and Sadness - conflict on how best to navigate a new city, house, and school."
141,"Arnaques, crimes et botanique",1998,8.159,"A botched card game in London triggers four friends, thugs, weed-growers, hard gangsters, loan sharks and debt collectors to collide with each other in a series of unexpected events, all for the sake of weed, cash and two antique shotguns."
142,Le septième sceau,1957,8.159,"A man seeks answers about life, death, and the existence of God as he plays chess against the Grim Reaper during the Black Plague."
143,Un homme d'exception,2001,8.158,
144,Casino,1995,8.156,"A tale of greed, deception, money, power, and murder occur between two best friends: a mafia enforcer and a casino executive, compete against each other over a gambling empire, and over a fast living and fast loving socialite."
145,Room,2015,8.156,A young boy is raised within the confines of a small shed.
146,Mr. Smith au sénat,1939,8.153,"A naive man is appointed to fill a vacancy in the United States Senate. His plans promptly collide with political corruption, but he doesn't back down."
147,Elephant Man,1980,8.148,"A Victorian surgeon rescues a heavily disfigured man who is mistreated while scraping a living as a side-show freak. Behind his monstrous facade, there is revealed a person of intelligence and sensitivity."
148,Le loup de Wall Street,2013,8.143,Based on the t
149,V pour vendetta,2005,8.142,"In a future British tyranny, a shadowy freedom fighter, known only by the alias of ""V"", plots to overthrow it with the help of a young woman."
150,Blade Runner,1982,8.14,A blade runner must pursue and try to terminate four replicants who stole a ship in space and have returned to Earth to find their creator.
151,Les fraises sauvages,1957,8.139,"After living a life marked by coldness, an aging professor is forced to confront the emptiness of his existence."
152,Sherlock Jr.,1924,8.138,"A film projectionist longs to be a detective, and puts his meagre skills to work when he is framed by a rival for stealing his girlfriend's father's pocketwatch."
153,Le mécano de la Générale,1926,8.137,"When Union spies steal an engineer's beloved locomotive, he pursues it single-handedly and straight through enemy lines."
154,Warrior,2011,8.137,"The youngest son of an alcoholic former boxer returns home, where he's trained by his father for competition in a mixed martial arts tournament - a path that puts the fighter on a collision course with his estranged, older brother."
155,Le crime était presque parfait,1954,8.132,"An ex-tennis pro carries out a plot to murder his wife. When things go wrong, he improvises a brilliant plan B."
156,Trainspotting,1996,8.131,"Renton, deeply immersed in the Edinburgh drug scene, tries to clean up and get out, despite the allure of the drugs and influence of friends."
157,Autant en emporte le vent,1939,8.126,A manipulative woman and a roguish man conduct a turbulent romance during the American Civil War and Reconstruction periods.
158,Gran Torino,2008,8.124,"Disgruntled Korean War veteran Walt Kowalski sets out to reform his neighbor, a Hmong teenager who tried to steal Kowalski's prized possession: a 1972 Gran Torino."
159,"No Country for Old Men - Non, ce pays n'est pas pour le vieil homme",2007,8.124,Violence and mayhem ensue after a hunter stumbles upon a drug deal gone wrong and more than two million dollars in cash near the Rio Grande.
160,Sixième sens,1999,8.123,A boy who communicates with spirits seeks the help of a disheartened child psychologist.
161,Fargo,1996,8.123,Jerry Lundegaard's inept crime falls apart due to his and his henchmen's bungling and the persistent police work of the quite pregnant Marge Gunderson.
162,Voyage au bout de l'enfer,1978,8.122,An in-depth examination of the ways in which the U.S. Vietnam War impacts and disrupts the lives of people in a small industrial town in Pennsylvania.
163,There Will Be Blood,2007,8.121,"A story of family, religion, hatred, oil and madness, focusing on a turn-of-the-century prospector in the early days of the business."
164,The Thing,1982,8.12,"A crew in Antarctica finds a neighboring camp destroyed and its crew dead. Whatever killed them is nowhere to be found, unless it's hidden in plain sight."
165,Le monde de Nemo,2003,8.117,"After his son is captured in the Great Barrier Reef and taken to Sydney, a timid clownfish sets out on a journey to bring him home."
166,The Big Lebowski,1998,8.115,"""The Dude"" Lebowski, mistaken for a millionaire Lebowski, seeks restitution for his ruined rug and enlists his bowling buddies to help get it."
167,Requiem pour un massacre,1985,8.111,"After finding an old rifle, a young boy joins the Soviet resistance movement against ruthless German forces and experiences the horrors of World War II."
168,L'aurore,1927,8.108,An allegorical tale about a man fighting the good and evil within him. Both sides are made flesh - one a sophisticated woman he is attracted to and the other his wife.
169,Luke la main froide,1967,8.107,"A laid back Southern man is sentenced to two years in a rural prison, but refuses to conform."
170,Kill Bill: Volume I,2003,8.105,The Bride wakens from a four-year coma. The child she carried in her womb is gone. Now she must wreak vengeance on the team of assassins who betrayed her - a team she was once part of.
171,Voyage à Tokyo,1953,8.105,An old couple visit their children and grandchildren in the city; but the children have little time for them.
172,Rebecca,1940,8.104,A self-conscious bride is tormented by the memory of her husband's dead first wife.
173,Eskiya le bandit,1996,8.101,"The epic adventures of the legendary Baran the Bandit following his release from prison. After serving 35 years, it is no surprise that the world has changed dramatically. Still, Baran ...
       "
174,Shutter Island,2010,8.099,"In 1954, a U.S. Marshal investigates the disappearance of a murderer, who escaped from a hospital for the criminally insane."
175,Tu ne tueras point,2016,8.098,WWII America
176,Dragons,2010,8.096,"A hapless young Viking who aspires to hunt dragons becomes the unlikely friend of a young dragon himself, and learns there may be more to the creatures than he assumed."
177,Mary et Max.,2009,8.096,"A tale of friendship between two unlikely pen pals: Mary, a lonely, eight-year-old girl living in the suburbs of Melbourne, and Max, a forty-four-year old, severely obese man living in New York."
178,Andreï Roublev,1966,8.095,"The life, times and afflictions of the fifteenth-century Russian iconographer."
179,Gone Girl,2014,8.094,"With his wife's disappearance having become the focus of an intense media circus, a man sees the spotlight turned on him when it's suspected that he may not be innocent."
180,Into the Wild,2007,8.088,"After graduating from Emory University, top student and athlete Christopher McCandless abandons his possessions, gives his entire $24,000 savings account to charity and hitchhikes to Alaska to live in the wilderness. Along the way, Christopher encounters a series of characters that shape his life."
181,Blade Runner 2049,2017,8.088,"A young blade runner's discovery of a long-buried secret leads him to track down former blade runner Rick Deckard, who's been missing for thirty years."
182,La vie de Brian,1979,8.088,"Born on the original Christmas in the stable next door to Jesus, Brian of Nazareth spends his life being mistaken for a messiah."
183,Les nouveaux sauvages,2014,8.086,Six short stories that explore the extremities of human behavior involving people in distress.
184,Rang De Basanti,2006,8.085,"The story of six young Indians who assist an English Woman to film a documentary on the extremist freedom fighters from their past, and the events that lead them to relive the long forgotten saga of freedom."
185,New York - Miami,1934,8.084,A spoiled heiress running away from her family is helped by a man who is actually a reporter in need of a story.
186,La passion de Jeanne d'Arc,1928,8.081,"In 1431, Jeanne d'Arc is placed on trial on charges of heresy. The ecclesiastical jurists attempt to force Jeanne to recant her claims of holy visions."
187,Platoon,1986,8.078,A young soldier in Vietnam faces a moral crisis when confronted with the horrors of war and the duality of man.
188,Au nom du père,1993,8.077,A man's coerced confession to an IRA bombing he did not commit results in the imprisonment of his father as well. An English lawyer fights to free them.
189,Network - Main basse sur la TV,1976,8.075,A television network cynically exploits a deranged former anchor's ravings and revelations about the news media for its own profit.
190,Stand by me - Compte sur moi,1986,8.075,"After the death of a friend, a writer recounts a boyhood journey to find the body of a missing boy."
191,Hôtel Rwanda,2004,8.075,Paul Rusesabagina was a hotel manager who housed over a thousand Tutsi refugees during their struggle against the Hutu militia in Rwanda.
192,The Grand Budapest hotel,2014,8.074,"The adventures of Gustave H, a legendary concierge at a famous hotel from the fictional Republic of Zubrowka between the first and second World Wars, and Zero Moustafa, the lobby boy who becomes his most trusted friend."
193,Stalker,1979,8.073,A guide leads two men through an area known as the Zone to find a room that grants wishes.
194,Le salaire de la peur,1953,8.073,"In a decrepit South American village, four men are hired to transport an urgent nitroglycerine shipment without the equipment that would make it safe."
195,Ben-Hur,1959,8.072,"When a Jewish prince is betrayed and sent into slavery by a Roman friend, he regains his freedom and comes back for revenge."
196,Jurassic Park,1993,8.072,"During a preview tour, a theme park suffers a major power breakdown that allows its cloned dinosaur exhibits to run amok."
197,Rush,2013,8.071,The merciless 1970s rivalry between Formul
198,Persona,1966,8.07,A nurse is put in charge of a mute actress and finds that their personas are melding together.
199,12 Years a Slave,2013,8.068,In the antebellum Un
200,Memories of Murder,2003,8.067,"In a small Korean province in 1986, three detectives struggle with the case of multiple young women being found raped and murdered by an unknown culprit."
201,The Truman Show,1998,8.067,An insurance salesman/adjuster discovers his entire life is actually a television show.
202,Million Dollar Baby,2004,8.067,A determined woman works with a hardened boxing trainer to become a professional.
203,Les quatre cents coups,1959,8.066,"A young boy, left without attention, delves into a life of petty crime."
204,Mad Max: Fury Road,2015,8.064,"A woman rebels against a tyrannical ruler in postapocalyptic Australia in search for her home-land with the help of a group of female prisoners, a psychotic worshipper, and a drifter named Max."
205,Spotlight,2015,8.062,"The true story of how the Boston Globe uncovered the massive scandal of child molestation and cover-up within the local Catholic Archdiocese, shaking the entire Catholic Church to its core."
206,Logan,2017,8.059,"In the near future, a weary Logan cares for an ailing Professor X, somewhere on the Mexican border. However, Logan's attempts to hide from the world, and his legacy, are upended when a young mutant arrives, pursued by dark forces."
207,Amours chiennes,2000,8.058,"A horrific car accident connects three stories, each involving characters dealing with loss, regret, and life's harsh realities, all in the name of love."
208,Before Sunrise,1995,8.057,"A young man and woman meet on a train in Europe, and wind up spending one evening together in Vienna. Unfortunately, both know that this will probably be their only night together."
209,Hatchi,2009,8.055,A college professor's bond with the abandoned dog he takes into his home.
210,Butch Cassidy et le Kid,1969,8.054,"Wyoming, early 1900s. Butch Cassidy and The Sundance Kid are the leaders of a band of outlaws. After a train robbery goes wrong they find themselves on the run with a posse hard on their heals. Their solution - escape to Bolivia."
211,Nausicaä de la vallée du vent,1984,8.051,Warrior/pacifist Princess Nausicaä desperately struggles to prevent two warring nations from destroying themselves and their dying planet.
212,Prisoners,2013,8.051,"When Keller Dover's daughter and her friend go missing, he takes matters into his own hands as the police pursue multiple leads and the pressure mounts."
213,Princess Bride,1987,8.05,"While home sick in bed, a young boy's grandfather reads him a story called The Princess Bride."
214,La La Land,2016,8.049,"While navigating their careers in Los Angeles, a pianist and an actress fall in love while attempting to reconcile their aspirations for the future."
215,A Wednesday,2008,8.043,A retiring police officer reminisces about the most astounding day of his career. About a case that was never filed but continues to haunt him in his memories - the case of a man and a Wednesday.
216,Arrête-moi si tu peux,2002,8.043,"A seasoned FBI agent pursues Frank Abagnale Jr. who, before this 19th birthday, successfully forged millions of dollars' worth of checks while posing as a Pan Am pilot, a doctor, and a legal prosecutor."
217,Le faucon maltais,1941,8.042,"A private detective takes on a case that involves him with three eccentric criminals, a gorgeous liar, and their quest for a priceless statuette."
218,Harry Potter et les reliques de la mort: 2ème partie,2011,8.041,"Harry, Ron, and Hermione search for Voldemort's remaining Horcruxes in their effort to destroy the Dark Lord as the final battle rages on at Hogwarts."
219,Rocky,1976,8.038,"Rocky Balboa, a small-time boxer, gets a supremely rare chance to fight heavy-weight champion Apollo Creed in a bout in which he strives to go the distance for his self-respect."
220,Les nuits de Cabiria,1957,8.036,A waifish prostitute wanders the streets of Rome looking for true love but finds only heartbreak.
221,Les raisins de la colère,1940,8.035,"A poor Midwest family is forced off their land. They travel to California, suffering the misfortunes of the homeless in the Great Depression."
222,Monstres et Cie,2001,8.031,"In order to power the city, monsters have to scare children so that they scream. However, the children are toxic to the monsters, and after a child gets through, 2 monsters realize things may not be what they think."
223,Les diaboliques,1955,8.03,"The wife and mistress of a cruel headmaster conspire to kill him; after the murder is committed, his corpse disappears, and strange events begin to plague the two women."
224,Donnie Darko,2001,8.029,"A troubled teenager is plagued by visions of a man in a large rabbit suit who manipulates him to commit a series of crimes, after he narrowly escapes a bizarre accident."
225,Barry Lyndon,1975,8.028,An Irish rogue wins the heart of a rich widow and assumes her dead husband's aristocratic position in 18th-century England.
226,La barbe à papa,1973,8.027,"During the Great Depression, a con man finds himself saddled with a young girl who may or may not be his daughter, and the two forge an unlikely partnership."
227,Gandhi,1982,8.026,"Gandhi's character is fully explained as a man of nonviolence. Through his patience, he is able to drive the British out of the subcontinent. And the stubborn nature of Jinnah and his commitment towards Pakistan is portrayed."
228,La soif du mal,1958,8.024,"A stark, perverse story of murder, kidnapping, and police corruption in a Mexican border town."
229,Terminator,1984,8.024,"A seemingly indestructible Android is sent from 2029 to 1984 to assassinate a waitress, whose unborn son will lead humanity in a war against the machines, while a soldier from that war is sent to protect her at all cost"
230,La haine,1995,8.021,24 hours in the lives of three young men in the French suburbs the day after a violent riot.
231,Un jour sans fin,1993,8.021,A weatherman finds himself inexplicably living the same day over and over again.
232,Le magicien d'Oz,1939,8.02,Dorothy Gale is swept away from a farm in Kansas to a magical land of Oz in a tornado and embarks on a quest with her new friends to see the Wizard who can help her return home in Kansas and help her friends as well.
233,La vengeance dans la peau,2007,8.017,Jason Bourne dodges a ruthless CIA official and his agents from a new assassination program while searching for the origins of his life as a trained killer.
234,Le cercle des poètes disparus,1989,8.017,English teacher John Keating inspires his students to look at poetry with a different perspective of authentic knowledge and feelings.
235,Annie Hall,1977,8.017,Neurotic New York comedian Alvy Singer falls in love with the ditzy Annie Hall.
236,Huit et demi,1963,8.016,A harried movie director retreats into his memories and fantasies.
237,Les dents de la mer,1975,8.015,"A local sheriff, a marine biologist and an old seafarer team up to hunt down a great white shark wrecking havoc in a beach resort."
238,In the Mood for Love,2000,8.014,"Two neighbors, a woman and a man, form a strong bond after both suspect extramarital activities of their spouses. However, they agree to keep their bond platonic so as not to commit similar wrongs."
239,La couleur des sentiments,2011,8.014,"An aspiring author during the civil rights movement of the 1960s decides to write a book detailing the African American maids' point of view on the white families for which they work, and the hardships they go through on a daily basis."
240,Les plus belles années de notre vie,1946,8.012,Three World War II veterans return home to small-town America to discover that they and their families have been irreparably changed.
241,"Paris, Texas",1984,8.012,"Travis Henderson, an aimless drifter who has been missing for four years, wanders out of the desert and must reconnect with society, himself, his life, and his family."
242,Infernal Affairs,2002,8.011,"A story between a mole in the police department and an undercover cop. Their objectives are the same: to find out who is the mole, and who is the cop."
243,L'armée des 12 singes,1995,8.01,"In a future world devastated by disease, a convict is sent back in time to gather information about the man-made virus that wiped out most of the human population on the planet."
244,Trois couleurs: Rouge,1994,8.01,A model discovers her neighbor is keen on invading people's privacy.
245,Before Sunset,2004,8.01,"Nine years after Jesse and Celine first met, they encounter each other again on the French leg of Jesse's book tour."
246,La Belle et la Bête,1991,8.01,"A young woman whose father has been imprisoned by a terrifying beast offers herself in his place, unaware that her captor is actually a prince, physically altered by a magic spell."
247,Drishyam,2015,8.01,"Desperate measures are taken by a man who tries to save his family from the dark side of the law, after they commit an unexpected crime."
248,La bataille d'Alger,1966,8.01,"In the 1950s, fear and violence escalate as the people of Algiers fight for independence from the French government."
249,Un après-midi de chien,1975,8.009,A man robs a bank to pay for his lover's operation; it turns into a hostage situation and a media circus.
250,Gangs of Wasseypur,2012,8.009,"A clash between Sultan and Shahid Khan leads to the expulsion of Khan from Wasseypur, and ignites a deadly blood feud spanning three generations."
